worker_id,skills,completed_tasks,completion_rate,avg_rating,late_ratio,current_active_tasks,total_credits_earned
WORKER_0000,Design|UI/UX,43,0.8007560335031438,4.28691826625819,0.046511627906976744,3,2157
WORKER_0001,Marketing,37,0.7900932590685305,1.0145087177501668,0.05405405405405406,4,1881
WORKER_0002,Node.js|Python,54,0.564329179567133,3.4776277092977788,0.12962962962962962,1,2721
WORKER_0003,Design|UI/UX|DevOps|Node.js,54,0.8688620426088548,3.8661034958735834,0.037037037037037035,1,2710
WORKER_0004,DevOps|Python|Writing,42,0.6964168992140817,4.135657419636324,0.07142857142857142,0,2108
WORKER_0005,Design|React,35,0.5209985698502624,3.5081511587479435,0.14285714285714285,0,1752
WORKER_0006,Data Analysis|Design|UI/UX,13,0.3614592827617274,1.6209262639195523,0.15384615384615385,1,682
WORKER_0007,Video|Python|Writing,41,0.8720306650436085,2.8779783380293296,0.024390243902439025,2,2092
WORKER_0008,DevOps,11,0.5270257505658604,3.330767079671851,0.09090909090909091,2,574
WORKER_0009,Video|React|Writing,8,0.26713723647129706,0.8144400629125793,0.125,2,418
WORKER_0010,Node.js,23,0.628170966445739,0.8841196575527638,0.08695652173913043,2,1184
WORKER_0011,UI/UX|Python|Design,8,0.6591798635643739,2.07513505348404,0.0,0,422
WORKER_0012,UI/UX|Data Analysis|Design,33,0.37020281640107944,0.47131942034092233,0.18181818181818182,3,1675
WORKER_0013,Design|Python|UI/UX|Video,67,0.4363203326174597,2.3759684801509082,0.16417910447761194,1,3398
WORKER_0014,UI/UX|Node.js|React|Data Analysis,58,0.49363396702711254,4.118808410520205,0.13793103448275862,1,2930
WORKER_0015,Video,38,0.1554938640437328,2.004712869059668,0.23684210526315788,5,1933
WORKER_0016,Writing|Video,33,0.35581496513406485,1.920822461087963,0.18181818181818182,2,1683
WORKER_0017,Python|UI/UX|Writing|React,37,0.22896295605645478,2.505310895513955,0.21621621621621623,2,1879
WORKER_0018,Node.js,20,0.7667442728665761,1.4108639120524273,0.05,3,1005
WORKER_0019,Data Analysis|UI/UX|Marketing,39,0.3521280566446128,2.490909421449166,0.1794871794871795,3,1955
WORKER_0020,Data Analysis|Video|Python,40,0.9499990958482833,3.839356215397994,0.0,1,2044
WORKER_0021,UI/UX,7,0.39758310712471956,2.9218376276252265,0.14285714285714285,5,385
WORKER_0022,Video|Data Analysis,19,0.31044898374446983,1.4476158345498678,0.15789473684210525,5,965
WORKER_0023,Python|Design|Data Analysis|Writing|Marketing,37,0.3531166208518147,2.4835836867639465,0.1891891891891892,1,1872
WORKER_0024,React|Video,16,0.5828253394551347,1.8770903136228636,0.125,1,814
WORKER_0025,React|Design,53,0.8295230231069007,1.0303796507591143,0.03773584905660377,3,2670
WORKER_0026,Marketing|DevOps|UI/UX,28,0.16298820930579985,2.6720567542171847,0.25,2,1431
WORKER_0027,Writing|DevOps,15,0.0887627923924191,1.299369831015458,0.26666666666666666,4,780
WORKER_0028,React|Writing|DevOps|Video|Marketing,20,0.3069593875011683,1.578273243479754,0.2,4,1013
WORKER_0029,Node.js|Data Analysis,21,0.23392685394034488,2.988555186528756,0.19047619047619047,3,1097
WORKER_0030,React|DevOps|Design,22,0.8135471859907434,0.8345420367215244,0.045454545454545456,4,1120
WORKER_0031,Video|Marketing,25,0.6173674990687978,0.986201916575701,0.08,3,1267
WORKER_0032,Writing|Marketing|Design,41,0.8917738889547031,4.373422126425689,0.024390243902439025,3,2053
WORKER_0033,Writing|Video|Data Analysis|React,7,0.55838384042476,1.5455180969128373,0.0,2,356
WORKER_0034,Video|Node.js|Writing,29,0.20637339131867374,2.913588149999897,0.20689655172413793,2,1472
WORKER_0035,Design|Data Analysis|DevOps,50,0.8261785230299941,3.720273013988105,0.04,2,2504
WORKER_0036,Marketing,30,0.5730658212799372,1.6813921499663955,0.1,3,1513
WORKER_0037,Node.js|Python,9,0.49083067586752427,3.097057014122224,0.1111111111111111,2,457
WORKER_0038,Video,22,0.19250184159871256,4.0021497749761705,0.22727272727272727,0,1107
WORKER_0039,Data Analysis|Video,5,0.15989488046613762,1.5366707800051358,0.2,2,287
WORKER_0040,Design|React|Node.js|UI/UX,5,0.3264355633907288,0.9588003623209804,0.2,5,277
WORKER_0041,Video|Writing|Marketing|Data Analysis,31,0.705270056057961,2.8556249654383676,0.06451612903225806,3,1575
WORKER_0042,Python|Marketing|Design,34,0.5822905620686702,2.3064502729583483,0.11764705882352941,2,1744
WORKER_0043,Node.js,58,0.5635438402753291,2.1618107487236684,0.1206896551724138,0,2932
WORKER_0044,Python|Marketing,22,0.47673216668352675,2.888500430085985,0.13636363636363635,1,1115
WORKER_0045,Design|React|Node.js|Marketing|Python,54,0.5764799908918402,3.146393664157596,0.1111111111111111,1,2729
WORKER_0046,Marketing|Data Analysis|Node.js|Writing,18,0.6086030300674459,2.715339014717937,0.1111111111111111,5,937
WORKER_0047,Video|Python,28,0.5025206306569848,3.699082517845223,0.14285714285714285,2,1426
WORKER_0048,DevOps|Writing|Data Analysis|Design,12,0.6706502288349889,2.0532788657377994,0.08333333333333333,0,630
WORKER_0049,Video|React|Python|DevOps,49,0.8925886248694843,2.8489935299316094,0.02040816326530612,3,2452
WORKER_0050,UI/UX|Python|Video|React,6,0.29132923286117096,0.48159929608229923,0.16666666666666666,1,315
WORKER_0051,Data Analysis|Video,38,0.2006689050320449,3.1275613780671385,0.23684210526315788,2,1932
WORKER_0052,Marketing|Design|UI/UX,31,0.7704456226289235,1.4153266834210334,0.06451612903225806,0,1580
WORKER_0053,Python|Design,30,0.40866122012574546,2.4903135500700104,0.16666666666666666,4,1526
WORKER_0054,Data Analysis|UI/UX|DevOps,15,0.814506983210674,1.0014468024774295,0.0,0,770
WORKER_0055,Video|Node.js,64,0.7849858569587864,3.141586805173189,0.0625,2,3205
WORKER_0056,UI/UX|DevOps|Writing|Marketing,1,0.6094130095999363,1.4335862849135725,0.0,2,51
WORKER_0057,Python|DevOps|UI/UX,38,0.5075769779237149,0.5358219683292608,0.13157894736842105,3,1945
WORKER_0058,Data Analysis,27,0.1652625349867188,1.902917447410408,0.2222222222222222,2,1362
WORKER_0059,Marketing,25,0.27511700130582983,1.8589161874279676,0.2,2,1261
WORKER_0060,React|Node.js,25,0.2629108694405791,2.2100439912086562,0.2,2,1287
WORKER_0061,React|DevOps|Data Analysis,38,0.7991346126153016,1.8622072562482603,0.05263157894736842,2,1946
WORKER_0062,UI/UX|Data Analysis|Python,28,0.5863609027583206,3.1069646544090186,0.10714285714285714,2,1418
WORKER_0063,Node.js|Video|Marketing,11,0.6459756954649306,2.1884896226004527,0.09090909090909091,0,566
WORKER_0064,UI/UX|Data Analysis|DevOps,4,0.4326108816608757,3.485621170860991,0.0,1,226
WORKER_0065,Data Analysis|React|UI/UX|Design,49,0.4627982446078494,1.4592194596835197,0.14285714285714285,3,2463
WORKER_0066,React|DevOps|Video|Marketing,29,0.7198704889589584,2.403680219955912,0.06896551724137931,1,1494
WORKER_0067,DevOps|Data Analysis,36,0.7972926228660471,2.315233671851831,0.05555555555555555,1,1817
WORKER_0068,UI/UX|Node.js|Marketing,17,0.7326256942895695,1.182530196674508,0.058823529411764705,3,854
WORKER_0069,DevOps|Node.js|UI/UX|Marketing,5,0.6666875503477504,1.9813834906627412,0.0,4,283
WORKER_0070,Data Analysis|React|UI/UX,23,0.46226439039259176,2.445091521240319,0.13043478260869565,0,1168
WORKER_0071,Python|Design|UI/UX,2,0.6913728883625155,2.4366861992198574,0.0,2,104
WORKER_0072,Marketing|Writing,30,0.7286205675191332,1.3379251415595548,0.06666666666666667,2,1504
WORKER_0073,Node.js|Video|Design,11,0.34354895592600415,1.4858893554937231,0.18181818181818182,3,580
WORKER_0074,Writing|Node.js|Video|Design|React,31,0.24920545237090103,2.8483456666414586,0.1935483870967742,1,1556
WORKER_0075,Marketing,24,0.34108003453187574,2.3012951305672784,0.16666666666666666,0,1235
WORKER_0076,Design|Writing|Marketing|Node.js|Video,33,0.47225793998032684,3.753811986333739,0.15151515151515152,2,1660
WORKER_0077,Writing|Data Analysis|Node.js,25,0.6564485545437425,3.446175883048414,0.08,2,1257
WORKER_0078,Video|Python|Marketing,25,0.8681545026559151,1.961434969659957,0.0,1,1273
WORKER_0079,Marketing,25,0.39575546776885273,2.1565737559781835,0.16,1,1257
WORKER_0080,DevOps,44,0.8411153609002444,1.6427979052095623,0.045454545454545456,2,2208
WORKER_0081,Video|UI/UX|Writing,19,0.6057730741803158,3.5425605537930975,0.10526315789473684,0,969
WORKER_0082,React|UI/UX|Node.js|Data Analysis,35,0.19780901512658913,3.5396547168841384,0.22857142857142856,4,1754
WORKER_0083,Data Analysis,10,0.49134810863936446,2.0668770160085908,0.1,1,532
WORKER_0084,Marketing|Video|Data Analysis|UI/UX,4,0.3129852203430244,1.588197441453206,0.0,2,228
WORKER_0085,Design|Data Analysis,22,0.6049977224573331,0.9838978973398216,0.09090909090909091,1,1119
WORKER_0086,Python|Design|Marketing,22,0.6098313719397099,1.8606126481338745,0.09090909090909091,4,1143
WORKER_0087,Writing|Data Analysis|Video,13,0.3616146794111958,0.4952407039767929,0.15384615384615385,3,692
WORKER_0088,Design|Python|UI/UX,46,0.8437260213803714,3.8433918783892773,0.043478260869565216,4,2334
WORKER_0089,DevOps|UI/UX|React|Video,57,0.5360648893511428,3.944820734861858,0.12280701754385964,3,2873
WORKER_0090,UI/UX|Video|Marketing,60,0.821476477254497,4.16471306550824,0.05,0,3021
WORKER_0091,Writing|UI/UX|React,37,0.4199586885962252,1.766218041709673,0.16216216216216217,1,1865
WORKER_0092,Python|UI/UX,32,0.3964425523648016,1.1668038442742765,0.15625,3,1604
WORKER_0093,Node.js|React|Python,56,0.6762644545427634,4.281187746348067,0.08928571428571429,2,2803
WORKER_0094,Video|UI/UX|Node.js,24,0.28160788016861105,3.296750812707881,0.20833333333333334,3,1235
WORKER_0095,Writing|Node.js|Python,31,0.7476450752701931,3.5076416910528745,0.06451612903225806,2,1567
WORKER_0096,DevOps|React|Video,28,0.298816705346897,3.0782109459866245,0.17857142857142858,3,1406
WORKER_0097,React|Video|DevOps,53,0.7300596657519393,4.62231494937231,0.07547169811320754,0,2693
WORKER_0098,Writing|Marketing|Video,24,0.48188062661796716,2.585662348699071,0.125,1,1249
WORKER_0099,DevOps|Marketing|Writing,31,0.7260291135678101,3.0455380932005953,0.06451612903225806,3,1551
WORKER_0100,Design|Writing,30,0.34687464110632893,2.1769707104088027,0.16666666666666666,1,1548
WORKER_0101,DevOps|Video|UI/UX,23,0.4283276371783802,1.2871016495719028,0.13043478260869565,2,1161
WORKER_0102,Video|React|Marketing|UI/UX|Design,61,0.8165986843467965,3.893919698743833,0.04918032786885246,1,3097
WORKER_0103,React|Video|UI/UX|Data Analysis|Writing,15,0.530272671720252,1.3395095614741672,0.13333333333333333,1,762
WORKER_0104,DevOps|Python|Node.js,33,0.5598227806042042,0.47156729203567826,0.12121212121212122,3,1698
WORKER_0105,Data Analysis|Python|DevOps,41,0.4115175957713296,3.510676653478313,0.17073170731707318,5,2073
WORKER_0106,Writing|Video|Data Analysis,27,0.43794142106608835,1.4065917424405028,0.14814814814814814,2,1375
WORKER_0107,Python|Marketing,43,0.5035828167671148,3.6836518632509634,0.13953488372093023,3,2157
WORKER_0108,DevOps,72,0.7704441826903607,3.9321300389937437,0.05555555555555555,2,3635
WORKER_0109,DevOps|Video,58,0.6426111385977273,3.9126589834286483,0.10344827586206896,4,2915
WORKER_0110,Video|Design|UI/UX|Data Analysis|DevOps,8,0.6504908130362703,1.8812754007688461,0.0,3,416
WORKER_0111,DevOps|Video|UI/UX,49,0.8121992928439803,4.310052435678288,0.04081632653061224,3,2464
WORKER_0112,React|UI/UX|DevOps,18,0.649845335121441,2.5664643199082535,0.05555555555555555,3,929
WORKER_0113,Video|Writing,37,0.5696450815795717,3.018543972500984,0.10810810810810811,0,1865
WORKER_0114,React|Data Analysis|DevOps|Design,28,0.22469050144365116,3.185205103549099,0.21428571428571427,1,1402
WORKER_0115,React|Video|Python|DevOps,11,0.2274070202470658,3.9630558366434925,0.18181818181818182,6,557
WORKER_0116,React|DevOps,13,0.5473142040762506,2.845171429074668,0.07692307692307693,3,681
WORKER_0117,Python|Node.js|Video|Design|Data Analysis,31,0.18797878280583394,2.7840154268329402,0.22580645161290322,1,1553
WORKER_0118,DevOps|Design|Python|UI/UX,55,0.9213864529157666,2.6250604752274995,0.01818181818181818,2,2766
WORKER_0119,UI/UX|Writing,44,0.9123863330293926,4.840936205591901,0.022727272727272728,1,2240
WORKER_0120,Python|Video|Data Analysis,46,0.6550145836128626,3.860095198818339,0.08695652173913043,4,2340
WORKER_0121,DevOps|Video|Marketing,22,0.61585381461392,1.475025054231554,0.09090909090909091,0,1146
WORKER_0122,Data Analysis|React,15,0.24684625423308798,2.3164610811982165,0.2,1,764
WORKER_0123,Writing|Design|DevOps,67,0.7941614994154431,2.265264542724346,0.05970149253731343,4,3398
WORKER_0124,React|Data Analysis|Python|Node.js,50,0.7168924192682461,4.016711137950607,0.08,0,2505
WORKER_0125,React|Writing|Design,32,0.08759939689161711,2.326788460862168,0.25,2,1636
WORKER_0126,Design|Writing|Python,27,0.3841923036553006,2.4418472525617476,0.14814814814814814,1,1385
WORKER_0127,UI/UX|Data Analysis,26,0.26974886075484605,3.479649863382048,0.19230769230769232,2,1333
WORKER_0128,Python|UI/UX,15,0.45417309075156326,0.8069139928978744,0.13333333333333333,2,753
WORKER_0129,Video|Data Analysis|Python,20,0.18632556700297517,3.077741360350021,0.2,2,1048
WORKER_0130,Marketing|UI/UX|Writing|Design|Data Analysis,18,0.5426176780664496,1.5737711521920899,0.1111111111111111,1,917
WORKER_0131,Python|Design,39,0.49371584365126336,0.9619406453223655,0.1282051282051282,2,1990
WORKER_0132,Data Analysis|React,12,0.3331776976145804,1.1357412008778005,0.16666666666666666,1,624
WORKER_0133,Writing|React|DevOps,27,0.6778264371934191,2.334483956214864,0.07407407407407407,0,1364
WORKER_0134,Video|Node.js|UI/UX|Design,37,0.5489113736376777,1.270176851591962,0.13513513513513514,5,1874
WORKER_0135,UI/UX|Node.js|Video,24,0.5462410553337123,1.0196160957605171,0.125,2,1202
WORKER_0136,Marketing|Writing|Design,8,0.684090118838678,3.311226361593639,0.0,7,409
WORKER_0137,Node.js|React|Marketing,60,0.6668285572622429,3.6895044474525784,0.08333333333333333,2,3027
WORKER_0138,React|Node.js|Writing|Python,14,0.5115503504509333,0.9847165314675533,0.14285714285714285,1,734
WORKER_0139,Video|Writing,33,0.6747290169844441,2.232153801064599,0.09090909090909091,2,1699
WORKER_0140,DevOps|Data Analysis|Video|Python,45,0.7844884620521223,3.549233756139727,0.044444444444444446,2,2295
WORKER_0141,Writing|DevOps|Design,34,0.16390969292365704,0.88495267919471,0.23529411764705882,4,1733
WORKER_0142,Design|React,49,0.7400568540379867,3.9110156583295996,0.061224489795918366,0,2485
WORKER_0143,React,25,0.6115222794346437,1.8305184065300417,0.08,5,1264
WORKER_0144,Data Analysis|Marketing|Video,38,0.42753041111212975,2.5438909228008604,0.15789473684210525,3,1910
WORKER_0145,Design|Marketing|Writing,28,0.7755342855598237,1.0363557796336442,0.03571428571428571,4,1445
WORKER_0146,Marketing|DevOps|Node.js,36,0.6453377864889214,2.114415422353922,0.08333333333333333,4,1842
WORKER_0147,Data Analysis|Node.js,20,0.6915951306088804,1.2456257064692242,0.05,0,1005
WORKER_0148,UI/UX|Node.js|Video|React,7,0.7769608499476014,1.84931652376617,0.0,1,363
WORKER_0149,Design|Writing,6,0.3810640492061105,2.5606760172315024,0.16666666666666666,3,313
WORKER_0150,Video|Writing|UI/UX|Python,22,0.6646383083256413,0.8819806405998382,0.09090909090909091,1,1148
WORKER_0151,Marketing|Node.js,15,0.5497671705802459,2.198945582200312,0.13333333333333333,1,787
WORKER_0152,Marketing|Node.js|Video|UI/UX,22,0.5050596559109665,3.3663065684803573,0.13636363636363635,1,1101
WORKER_0153,Video|Design|Node.js,3,0.25389960657345717,1.5663400781860561,0.0,3,151
WORKER_0154,Writing|React,19,0.2603801096571797,3.2860029612684394,0.21052631578947367,1,950
WORKER_0155,Marketing|DevOps,6,0.7596480665145396,2.2386875204815437,0.0,1,333
WORKER_0156,Marketing,39,0.23969304714215028,2.987814584988066,0.20512820512820512,1,1993
WORKER_0157,Marketing|Video|DevOps|React|Data Analysis,27,0.40664665099073305,0.9479942654734362,0.14814814814814814,1,1375
WORKER_0158,Node.js,33,0.3592537941729142,2.382822315935987,0.18181818181818182,2,1680
WORKER_0159,UI/UX|Video|Marketing|Data Analysis|Design,56,0.7923686103542815,3.781618501732196,0.05357142857142857,2,2847
WORKER_0160,DevOps|Design|React,33,0.5095378357629498,1.8413274060348654,0.12121212121212122,1,1695
WORKER_0161,Design,26,0.4014655383860895,1.4810682980934016,0.15384615384615385,3,1301
WORKER_0162,Writing|DevOps,28,0.48357118775546176,2.979663487804883,0.14285714285714285,4,1441
WORKER_0163,Python|Marketing|Design|Writing,18,0.3973921295934725,2.5071920469544864,0.16666666666666666,3,940
WORKER_0164,Writing|UI/UX|Video,19,0.4909287672582144,1.460681041924389,0.10526315789473684,1,987
WORKER_0165,Node.js,5,0.31658795450500016,2.0448628000828366,0.2,3,256
WORKER_0166,Marketing|Design,22,0.44817324525828345,2.0511024198196135,0.13636363636363635,3,1119
WORKER_0167,Node.js|React|UI/UX,59,0.5620566844459143,4.691059472575433,0.11864406779661017,1,2984
WORKER_0168,DevOps|Video|Node.js,17,0.342470727616248,2.5872573446936324,0.17647058823529413,0,862
WORKER_0169,Writing,8,0.7140732382892437,0.12360415717494412,0.0,4,419
WORKER_0170,React|Marketing|DevOps,23,0.2784152112318605,1.5303224235739308,0.17391304347826086,2,1199
WORKER_0171,Design|Marketing|Video|Node.js,37,0.5923085505717666,0.6831391064315835,0.10810810810810811,1,1894
WORKER_0172,Marketing|UI/UX|Writing,15,0.7084469130799578,2.207737852625752,0.06666666666666667,2,761
WORKER_0173,Video|UI/UX|Node.js|Data Analysis,30,0.42023100043637207,1.7497929645332602,0.16666666666666666,0,1533
WORKER_0174,Data Analysis,66,0.5177152750401174,1.4441190629831333,0.13636363636363635,3,3338
WORKER_0175,Python|Data Analysis|Design,19,0.3356487996081485,1.2175409844697063,0.15789473684210525,5,990
WORKER_0176,Marketing|Python|Node.js,8,0.6886363175119302,1.542404938835481,0.0,0,421
WORKER_0177,Marketing|Writing,32,0.66904196642278,2.6965229913170274,0.09375,5,1632
WORKER_0178,UI/UX|Python,30,0.7896595774889733,1.7065143371668,0.03333333333333333,3,1537
WORKER_0179,Design|Node.js|Data Analysis|Writing,53,0.6697563877913297,4.052744028351748,0.09433962264150944,1,2669
WORKER_0180,Python,57,0.3538665299782558,2.4245920980227265,0.19298245614035087,0,2870
WORKER_0181,Video|UI/UX|Data Analysis,42,0.560020582722651,4.210361965644452,0.11904761904761904,1,2125
WORKER_0182,UI/UX|Node.js|Data Analysis|Video,36,0.41352315772120196,0.5082889088734289,0.16666666666666666,4,1846
WORKER_0183,Design|DevOps|Writing|Video|React,28,0.10106546037044847,2.8552873379481536,0.25,4,1428
WORKER_0184,UI/UX|React,21,0.044559574689763036,2.111760258670312,0.2857142857142857,0,1066
WORKER_0185,Marketing|Python|Design,5,0.4430431525906186,1.333351202144275,0.0,4,294
WORKER_0186,Design,26,0.5570321897025494,3.4985277308208094,0.11538461538461539,3,1326
WORKER_0187,Python|DevOps|Marketing,30,0.8994997775980496,0.9585668990377455,0.0,1,1547
WORKER_0188,DevOps|Python|Data Analysis,38,0.3178858103626277,3.396851950545028,0.18421052631578946,1,1920
WORKER_0189,Design|Writing|Node.js,63,0.7864523496377096,4.328930448184857,0.06349206349206349,2,3188
WORKER_0190,Marketing,20,0.7068788681103726,2.663873192864913,0.05,0,1019
WORKER_0191,Marketing,39,0.6715420509314657,2.4973928826011713,0.07692307692307693,3,1989
WORKER_0192,Marketing|Design,42,0.887221328060605,2.1480408161767865,0.023809523809523808,5,2124
WORKER_0193,Python|Data Analysis|Writing,20,0.18360888514133847,2.570798347646284,0.2,1,1043
WORKER_0194,Data Analysis|Writing|React,53,0.5176073666411689,2.7587674197857033,0.1320754716981132,1,2682
WORKER_0195,Marketing|Data Analysis,36,0.676064404414266,2.0200653870863063,0.08333333333333333,1,1821
WORKER_0196,Data Analysis|UI/UX|React,5,0.7004413651057577,1.6129489341424161,0.0,1,269
WORKER_0197,Python|Writing,44,0.76669023494785,3.5430249773174665,0.06818181818181818,1,2229
WORKER_0198,Data Analysis|Video,44,0.8627914459836912,2.890198641369179,0.022727272727272728,4,2216
WORKER_0199,UI/UX|Design,16,0.4907368633987469,3.324137656905224,0.125,0,813
WORKER_0200,UI/UX|Video|Writing,56,0.6566434823562486,3.2011608339581707,0.08928571428571429,0,2836
WORKER_0201,Node.js|Design|Writing|Python,7,0.6772084464451291,1.989009794340582,0.0,2,397
WORKER_0202,Data Analysis|Marketing,18,0.3971996658414004,2.773383911487569,0.16666666666666666,3,949
WORKER_0203,Marketing|UI/UX|Video|Writing,24,0.8787723017255028,3.079481431721284,0.0,1,1249
WORKER_0204,Marketing|Design|UI/UX,21,0.6002520681361577,3.347206669765633,0.09523809523809523,1,1053
WORKER_0205,Video|Design|Python|Writing|Data Analysis,46,0.651684079632706,3.9228463702526546,0.08695652173913043,5,2328
WORKER_0206,Video|Data Analysis|Python,17,0.21482399997316268,0.9372555176134406,0.23529411764705882,2,854
WORKER_0207,Marketing|UI/UX|Data Analysis|Node.js,6,0.22758498014561498,2.2199732700460735,0.16666666666666666,0,348
WORKER_0208,Video|Data Analysis,55,0.6222515566286796,4.560181614443227,0.10909090909090909,4,2769
WORKER_0209,Writing,64,0.5314049651742696,2.8874075972818063,0.125,4,3213
WORKER_0210,Python|Node.js|Marketing,36,0.3943487936978363,1.9134902825901636,0.16666666666666666,0,1803
WORKER_0211,Python|DevOps|Marketing|UI/UX,14,0.515247460685128,3.0559888082828,0.14285714285714285,1,732
WORKER_0212,Python,53,0.8150676300257496,2.605169503170601,0.03773584905660377,4,2675
WORKER_0213,DevOps,33,0.5296855886713966,4.019221356472839,0.12121212121212122,1,1655
WORKER_0214,Writing,31,0.5468894043572959,3.322190748703666,0.12903225806451613,1,1562
WORKER_0215,Writing,30,0.4303023434075913,0.5327205722949345,0.16666666666666666,1,1538
WORKER_0216,Node.js|Video|UI/UX|DevOps,7,0.37224283522972174,1.6967233079420647,0.14285714285714285,6,375
WORKER_0217,React|Writing,8,0.6886356954757564,1.2690523793586526,0.0,1,409
WORKER_0218,React|Design|Node.js,23,0.914345402769787,3.1269787906193995,0.0,4,1155
WORKER_0219,Node.js|React|UI/UX|Data Analysis|DevOps,24,0.6451722897054647,2.539459952116212,0.08333333333333333,2,1202
WORKER_0220,DevOps|Data Analysis|Video,18,0.71951959372978,0.8637533364204913,0.05555555555555555,2,929
WORKER_0221,Writing|UI/UX,10,0.7216828653647683,2.3129321253025186,0.0,0,540
WORKER_0222,Design|Video|Node.js|Data Analysis,9,0.7134510842802958,1.9027055980629575,0.0,2,467
WORKER_0223,React,16,0.44331238332969375,2.226175224618893,0.125,4,848
WORKER_0224,Node.js|React|Writing,16,0.49436810113220014,1.8629225560931741,0.125,1,847
WORKER_0225,UI/UX|Marketing,42,0.5256445342736399,3.1782465545294345,0.11904761904761904,1,2120
WORKER_0226,Marketing|Video|React|Node.js|DevOps,3,0.543297420905863,0.6060329291840474,0.0,2,153
WORKER_0227,Writing|Python|UI/UX,50,0.7431997807591154,4.042078624916452,0.06,4,2529
WORKER_0228,Python|DevOps|Node.js|UI/UX,28,0.39047812591031783,2.4463414915091954,0.17857142857142858,0,1408
WORKER_0229,Node.js|Design|Python|Writing,21,0.30165421475089166,1.9945733735981885,0.19047619047619047,2,1098
WORKER_0230,DevOps|UI/UX|Marketing,28,0.324868562262037,2.215644331400273,0.17857142857142858,3,1401
WORKER_0231,Python|Writing,27,0.253105821290508,3.2199274844409835,0.2222222222222222,4,1377
WORKER_0232,Writing|Node.js,18,0.5168013350346418,2.413186767480009,0.1111111111111111,2,936
WORKER_0233,Design|Python|DevOps,43,0.7030537585959806,4.106191468996427,0.06976744186046512,4,2178
WORKER_0234,Writing|React|Python,20,0.23767161906275175,2.8692632457399925,0.2,2,1047
WORKER_0235,DevOps,27,0.8300513253990324,2.3859354693555916,0.037037037037037035,0,1394
WORKER_0236,Marketing|Video|React,15,0.39606501077599066,1.654969272567541,0.13333333333333333,4,750
WORKER_0237,Node.js|DevOps|Python,20,0.5083038709587085,1.7684168336085504,0.1,4,1002
WORKER_0238,Marketing|Design|UI/UX,20,0.544492597410159,1.3582996373587117,0.1,1,1044
WORKER_0239,DevOps|Data Analysis|Python,45,0.34437013037315467,2.9613458890952176,0.17777777777777778,2,2278
WORKER_0240,Video|DevOps,12,0.3339320089229199,2.3074105713124005,0.16666666666666666,1,643
WORKER_0241,Data Analysis,72,0.90399029367595,4.481846107477902,0.027777777777777776,1,3613
WORKER_0242,UI/UX|Marketing|Python|Node.js,16,0.5645649364079987,4.178738507706169,0.125,2,828
WORKER_0243,Data Analysis,12,0.36409571971345706,2.331630450877615,0.16666666666666666,1,622
WORKER_0244,Node.js|Marketing|Design|Data Analysis,36,0.5065947857170389,1.5688248315960553,0.1388888888888889,4,1811
WORKER_0245,Design|React,32,0.5421544176518509,2.4697127301888013,0.125,2,1617
WORKER_0246,DevOps|Writing,15,0.7434068325346749,2.582473136090377,0.06666666666666667,3,776
WORKER_0247,Design|Marketing,23,0.4705769710997998,2.7544436452352223,0.13043478260869565,1,1154
WORKER_0248,Video|Node.js|UI/UX,16,0.6362030797183438,0.8076665066641089,0.0625,1,803
WORKER_0249,Python|Writing|Marketing|Design,13,0.645235755400417,1.121178808749102,0.07692307692307693,0,679
WORKER_0250,Marketing|UI/UX|Python,25,0.7300708502830242,2.356674332328738,0.08,0,1262
WORKER_0251,DevOps,19,0.49203025568228,1.3511437015171963,0.10526315789473684,1,999
WORKER_0252,Marketing|Video|UI/UX,24,0.0639329549952238,1.1643560666517931,0.25,1,1239
WORKER_0253,Video|Writing,6,0.4395908554746077,2.9862158367297558,0.16666666666666666,3,332
WORKER_0254,Python,12,0.5396906607846589,1.223874207435673,0.08333333333333333,2,643
WORKER_0255,Design|UI/UX|React,52,0.5048599671861603,3.864013830852155,0.1346153846153846,5,2601
WORKER_0256,DevOps,57,0.9103931104498154,4.172297103959623,0.017543859649122806,4,2873
WORKER_0257,Design|Data Analysis|Python,50,0.8830993026206881,3.0160422675275527,0.02,2,2522
WORKER_0258,React,54,0.8089301402089205,2.8007000965504663,0.05555555555555555,1,2733
WORKER_0259,React|Data Analysis|UI/UX,15,0.24579786023540612,2.2945147380259767,0.2,1,754
WORKER_0260,Writing|UI/UX|Design,21,0.10829931162095957,1.7014145521935582,0.23809523809523808,0,1058
WORKER_0261,UI/UX|Node.js,33,0.35214494260059565,2.5371814511638693,0.18181818181818182,0,1686
WORKER_0262,Node.js|DevOps|UI/UX,23,0.8635362499709475,2.8459372060365355,0.0,2,1177
WORKER_0263,Design|UI/UX|Video,5,0.6502445209798308,1.1094990194222183,0.0,2,285
WORKER_0264,Design|Node.js|Video|UI/UX,23,0.653483040197791,2.943164536795374,0.08695652173913043,1,1191
WORKER_0265,Video|DevOps,18,0.27586498308528484,2.9252858786719638,0.16666666666666666,3,930
WORKER_0266,Node.js|Data Analysis|React,36,0.6054136032589954,3.634817756055593,0.1111111111111111,2,1806
WORKER_0267,Writing|Node.js|React,53,0.6858036789727946,3.8162604519111505,0.07547169811320754,0,2683
WORKER_0268,Video|Design|Node.js,32,0.8824880145638859,2.9624586867515217,0.03125,3,1643
WORKER_0269,React|DevOps|Marketing,26,0.6814658037368055,1.8829956390467684,0.07692307692307693,4,1314
WORKER_0270,Video|UI/UX|DevOps,28,0.678502950532292,1.306230047994408,0.07142857142857142,0,1408
WORKER_0271,Marketing|Node.js,44,0.8456825046644363,3.429949700293775,0.045454545454545456,1,2209
WORKER_0272,UI/UX|DevOps|Writing|React|Design,61,0.9111092727177474,4.347901935841057,0.01639344262295082,3,3099
WORKER_0273,Node.js|Data Analysis|Writing,47,0.9012964390104389,4.716444897978235,0.02127659574468085,1,2382
WORKER_0274,React|Data Analysis|Node.js,40,0.7830317037980308,4.301198845382875,0.05,1,2037
WORKER_0275,Writing,14,0.6973997895122275,2.1485053497183415,0.07142857142857142,2,740
WORKER_0276,UI/UX|Design|React|Node.js,31,0.470952858844011,2.794249566963642,0.12903225806451613,2,1557
WORKER_0277,DevOps|Data Analysis|Design|Node.js,10,0.6233958455587599,0.230974320175651,0.1,1,534
WORKER_0278,Video|React,17,0.7579875385246326,1.3201145916640677,0.058823529411764705,0,898
WORKER_0279,Marketing|DevOps|Node.js,32,0.3730295343100107,2.9577874797714405,0.1875,3,1609
WORKER_0280,Python|Video|UI/UX|Writing,18,0.4512106502000749,1.3714610799094773,0.1111111111111111,1,912
WORKER_0281,Design|DevOps,30,0.3310142420037194,1.2725759632183937,0.2,3,1525
WORKER_0282,React|Writing|Design,63,0.9095412988788583,3.1869604703686036,0.015873015873015872,2,3193
WORKER_0283,Data Analysis|Node.js,34,0.5406442394547066,2.603535257076744,0.11764705882352941,1,1703
WORKER_0284,Node.js|Marketing|Design|DevOps,14,0.4053827692114252,2.9195349332950293,0.14285714285714285,2,741
WORKER_0285,UI/UX|Marketing|Design|Node.js|Data Analysis,20,0.45197806959202586,1.4281547463898356,0.15,1,1033
WORKER_0286,Node.js|Python|Design,49,0.7356537333408869,2.895272692674551,0.061224489795918366,1,2493
WORKER_0287,Video|Design|React,41,0.7120126525953859,2.720188049840149,0.07317073170731707,3,2069
WORKER_0288,Data Analysis|Marketing|Writing,29,0.31709750185626395,1.3153240677491604,0.1724137931034483,2,1492
WORKER_0289,Video|Node.js|DevOps,64,0.5271963401531977,3.134923756201315,0.140625,1,3222
WORKER_0290,Video|Node.js|Data Analysis|React,25,0.4885461922774657,3.03981764481674,0.12,0,1268
WORKER_0291,Data Analysis,59,0.6864098384642637,3.9332331328456704,0.0847457627118644,5,2979
WORKER_0292,Marketing|React,24,0.4238133018792261,2.706010232777776,0.16666666666666666,3,1204
WORKER_0293,Design,15,0.4407436141845911,1.4884955953916335,0.13333333333333333,0,774
WORKER_0294,Python|UI/UX|React|Marketing,8,0.7993791356261101,1.5015277197634982,0.0,3,430
WORKER_0295,DevOps|UI/UX,14,0.6870683189842306,1.2101238795099922,0.07142857142857142,3,748
WORKER_0296,React|Video|Design,22,0.733514319608393,2.376400321093154,0.045454545454545456,5,1146
WORKER_0297,Marketing|Video|Writing|DevOps|React,44,0.9440836355400131,3.642171298823009,0.0,2,2238
WORKER_0298,Node.js|Data Analysis|Design,36,0.8412019173798629,1.3563096199408087,0.027777777777777776,0,1817
WORKER_0299,Data Analysis,52,0.6293294536212161,2.964502407947405,0.09615384615384616,1,2645
WORKER_0300,UI/UX|DevOps,24,0.33714584462264485,1.330066816396399,0.16666666666666666,1,1220
WORKER_0301,UI/UX|Python|DevOps,26,0.759708220364344,3.266755240224258,0.038461538461538464,1,1336
WORKER_0302,DevOps|Node.js|UI/UX|Video|React,36,0.818951839454518,1.6463135139303793,0.027777777777777776,3,1815
WORKER_0303,Data Analysis|Video|Design|React,36,0.2764682030703703,0.823450026084369,0.19444444444444445,1,1832
WORKER_0304,Data Analysis|Video,25,0.6375200641543437,1.697404046914438,0.08,0,1283
WORKER_0305,Python|UI/UX|Video|React|Design,20,0.5459577420074568,2.4366707886613974,0.1,2,1041
WORKER_0306,DevOps|Data Analysis|Video,11,0.5957475550678756,4.387555723148681,0.09090909090909091,4,587
WORKER_0307,UI/UX|Design,8,0.5886059405431324,2.64405412744056,0.0,2,442
WORKER_0308,React,34,0.6347652353101356,3.8872309679278287,0.08823529411764706,1,1740
WORKER_0309,Node.js|Marketing,51,0.6786634482610545,2.3599887625694222,0.0784313725490196,1,2582
WORKER_0310,Python|Design|UI/UX,33,0.7568859704876821,4.215371419775515,0.06060606060606061,2,1663
WORKER_0311,Data Analysis|Marketing|Video,22,0.7128976877660981,1.3435235866908122,0.045454545454545456,1,1109
WORKER_0312,React|Writing,32,0.6475597196926758,3.831578979446995,0.09375,2,1633
WORKER_0313,Design|Writing,2,0.7411405845019127,2.9845340076198723,0.0,1,124
WORKER_0314,Node.js,3,0.5018797409999163,2.059131841607144,0.0,1,171
WORKER_0315,DevOps|Writing,19,0.6803598838853265,3.315395528023916,0.05263157894736842,3,991
WORKER_0316,React|UI/UX,19,0.667771066592945,2.948418549948747,0.05263157894736842,4,953
WORKER_0317,Data Analysis,20,0.7186501164161139,2.6937527921676057,0.05,1,1019
WORKER_0318,Node.js|Writing|Python|DevOps|Data Analysis,11,0.4733674922980572,1.1104829946146149,0.09090909090909091,1,564
WORKER_0319,Video|Node.js|DevOps,27,0.4133795318398704,1.3218166912037355,0.14814814814814814,2,1356
WORKER_0320,Marketing|UI/UX|Writing,28,0.7595501593829224,2.5582181445872516,0.07142857142857142,2,1438
WORKER_0321,React|Design|DevOps,2,0.1384775811077668,2.1001650784853676,0.0,2,107
WORKER_0322,Design|Data Analysis|DevOps|Node.js,39,0.5759868088013949,1.4746961113028294,0.10256410256410256,2,1994
WORKER_0323,Data Analysis|DevOps|Video,27,0.5593620725831032,1.8667895987605148,0.1111111111111111,1,1365
WORKER_0324,DevOps|Design|UI/UX,29,0.42757811018639363,0.5190432955504902,0.13793103448275862,4,1479
WORKER_0325,Video|Node.js|DevOps|Writing,31,0.6553117889004294,3.190174154433605,0.0967741935483871,1,1590
WORKER_0326,Marketing|Video|UI/UX|Design,16,0.5438504320193238,1.8462636466798563,0.125,1,818
WORKER_0327,UI/UX|Data Analysis|Design,30,0.5877426852184799,1.0243274696008702,0.1,2,1512
WORKER_0328,Python|Video|Data Analysis|DevOps,9,0.8519687390092631,3.6611022568690266,0.0,0,487
WORKER_0329,Data Analysis|Marketing|Node.js,30,0.18043669636910753,1.2271994503331811,0.23333333333333334,1,1538
WORKER_0330,Design,5,0.6592493374388737,0.763379749595995,0.0,2,293
WORKER_0331,Writing,61,0.8219538248051189,1.7785867131789912,0.04918032786885246,3,3066
WORKER_0332,DevOps|Design|Video,20,0.6679771519775725,2.8642586148299944,0.05,3,1025
WORKER_0333,Design,40,0.60597487501433,3.7767364349893926,0.1,0,2037
WORKER_0334,Marketing|Python|Node.js,20,0.8443863236019905,4.378395167507188,0.0,2,1003
WORKER_0335,Video|Writing,26,0.39573289035296194,1.1420892353533343,0.15384615384615385,2,1312
WORKER_0336,Video,11,0.6604236334605066,2.664994405197993,0.09090909090909091,1,582
WORKER_0337,DevOps,14,0.4301267631493313,1.5686590261018418,0.14285714285714285,2,726
WORKER_0338,React,42,0.5906010583193099,3.370878092565695,0.11904761904761904,2,2115
WORKER_0339,DevOps|React|UI/UX|Design,33,0.7843844869922796,2.5548003115442386,0.06060606060606061,0,1688
WORKER_0340,Data Analysis|UI/UX|Node.js,35,0.645918446081028,1.1748110126450009,0.08571428571428572,2,1779
WORKER_0341,Design|Data Analysis|Video|DevOps,11,0.5960513867818947,2.610694427954867,0.09090909090909091,3,576
WORKER_0342,Marketing|Data Analysis|DevOps,34,0.6779818792202394,2.8635619172534184,0.08823529411764706,2,1703
WORKER_0343,Writing|Data Analysis|React,17,0.35558235359463414,3.4408772638350515,0.17647058823529413,3,881
WORKER_0344,Writing|Python,10,0.6034953135237888,3.4595265650553886,0.1,5,520
WORKER_0345,Marketing|Video,22,0.5789704763548866,2.8415241464314516,0.09090909090909091,1,1128
WORKER_0346,Python|Video,37,0.6778847321270504,3.292907441819974,0.08108108108108109,0,1886
WORKER_0347,Writing|DevOps|UI/UX|Marketing,33,0.3387453855377989,0.969994784451721,0.18181818181818182,0,1692
WORKER_0348,Design,21,0.7451388939003616,2.894859636780027,0.047619047619047616,4,1064
WORKER_0349,Design|Data Analysis|Python,2,0.24754148210256488,1.3541656325569615,0.0,2,127
WORKER_0350,Marketing|Design|Python,36,0.1380094921467035,2.012044383150383,0.25,2,1832
WORKER_0351,Video|DevOps|React|Node.js,16,0.3992116851494647,3.901940524443818,0.125,0,842
WORKER_0352,Node.js,22,0.490646922151189,2.015382595723891,0.13636363636363635,2,1142
WORKER_0353,Writing,28,0.7536440284885293,2.806786382442137,0.07142857142857142,1,1404
WORKER_0354,Video|Data Analysis,31,0.70846418135217,2.3229752794719323,0.06451612903225806,5,1595
WORKER_0355,Python,57,0.8344175520195923,2.8386695826641977,0.03508771929824561,5,2884
WORKER_0356,UI/UX,46,0.8867426375272699,3.0546793892690705,0.021739130434782608,2,2339
WORKER_0357,Marketing|Python|UI/UX,47,0.7624551548510523,4.264276611974871,0.06382978723404255,1,2357
WORKER_0358,Marketing|Design|Video,23,0.4710070608781532,2.5931295636386515,0.13043478260869565,3,1154
WORKER_0359,DevOps,27,0.5291271489478985,1.9436657506136354,0.1111111111111111,2,1351
WORKER_0360,React|DevOps|UI/UX|Node.js|Video,17,0.6262782876796041,1.528047186952255,0.058823529411764705,0,887
WORKER_0361,Video,44,0.37175653060119496,2.4336265914040025,0.18181818181818182,1,2225
WORKER_0362,Marketing|Node.js|Video|DevOps,27,0.16902608029875085,2.6793499035066892,0.2222222222222222,1,1377
WORKER_0363,React|UI/UX|Node.js,73,0.9571947830038398,4.631576566706565,0.0,1,3681
WORKER_0364,DevOps,18,0.1538510924334039,2.5503577840084364,0.2222222222222222,0,943
WORKER_0365,UI/UX|Design,18,0.30369448410747646,4.244482111283066,0.16666666666666666,4,907
WORKER_0366,Writing|Data Analysis|Python|Marketing,15,0.3220425280590868,3.9550689854113723,0.2,1,781
WORKER_0367,Marketing|Node.js,12,0.3483257451874821,3.1746180044731482,0.16666666666666666,1,632
WORKER_0368,Writing|Video|Python,25,0.8153580501878517,3.5698464748791556,0.04,6,1274
WORKER_0369,UI/UX|Node.js,18,0.1780676299448445,2.988907872103275,0.2222222222222222,1,931
WORKER_0370,Writing|Node.js,37,0.41207091077094354,0.9703069193895184,0.16216216216216217,3,1899
WORKER_0371,Data Analysis|DevOps,51,0.6836017362430442,3.5630040289280265,0.0784313725490196,2,2591
WORKER_0372,Video|Design,34,0.22784456923939975,1.2715839225117909,0.20588235294117646,1,1704
WORKER_0373,DevOps|Node.js|React|Python|Writing,26,0.17157338528210353,3.268783605890247,0.23076923076923078,3,1349
WORKER_0374,DevOps|React|UI/UX,36,0.5853804642135201,1.4589677963887646,0.1111111111111111,4,1834
WORKER_0375,DevOps|React|UI/UX|Node.js,34,0.5099256344576213,2.9663260810186367,0.11764705882352941,2,1725
WORKER_0376,Node.js|Design|Marketing|Data Analysis,26,0.4438961690113994,1.860848178441672,0.15384615384615385,2,1324
WORKER_0377,Marketing|Python|UI/UX|Data Analysis|Design,41,0.875596816339898,3.383387412624807,0.024390243902439025,1,2085
WORKER_0378,UI/UX|Design|React|Marketing,39,0.7722973028655716,2.6696586105149884,0.05128205128205128,3,1997
WORKER_0379,Design|React,4,0.5042875904298519,0.9022271950784129,0.0,1,242
WORKER_0380,Design|React|Node.js,15,0.47093096344918806,3.5297072608754636,0.13333333333333333,4,777
WORKER_0381,Design|DevOps|Video,47,0.6104343072378211,1.8397851444925217,0.10638297872340426,2,2373
WORKER_0382,Marketing|Design,6,0.8333430338004459,1.1231387454313693,0.0,3,349
WORKER_0383,Design|Node.js|DevOps|Marketing,69,0.7022904663738837,3.112460377674319,0.08695652173913043,2,3481
WORKER_0384,Data Analysis|Writing|Design|UI/UX,18,0.5254511882536437,1.8945343716553562,0.1111111111111111,1,900
WORKER_0385,Python|UI/UX|Marketing|Video|DevOps,16,0.17807285434130135,2.3209823172000466,0.1875,4,813
WORKER_0386,UI/UX|React|Writing,28,0.19487254542712748,3.0183820883788464,0.21428571428571427,2,1411
WORKER_0387,Python|Video|UI/UX|Design,10,0.6656029709823678,2.197254819309643,0.1,2,540
WORKER_0388,Writing|Design,40,0.6067063504213083,1.5937314223042165,0.1,2,2001
WORKER_0389,Design,45,0.7587205156614324,2.2824801190934796,0.06666666666666667,1,2298
WORKER_0390,Marketing|Data Analysis|Python,11,0.36982456217615794,3.6294034169822535,0.18181818181818182,2,596
WORKER_0391,Data Analysis,51,0.8257715535203226,2.017329292650458,0.0392156862745098,2,2567
WORKER_0392,Marketing|Python,12,0.7546283208399303,1.1598322828442122,0.0,6,618
WORKER_0393,Node.js|Marketing|UI/UX,27,0.7844457550629714,1.426907605427633,0.037037037037037035,1,1360
WORKER_0394,Marketing|Data Analysis,20,0.54395031229633,2.2288294188562197,0.1,1,1020
WORKER_0395,Data Analysis|UI/UX|Python,27,0.5244172861752894,2.413972696588055,0.1111111111111111,0,1384
WORKER_0396,UI/UX|Marketing|Design|Writing,10,0.6598740971665789,1.3278226545626501,0.1,0,544
WORKER_0397,DevOps|Marketing,25,0.4354100615697229,2.8114693442460696,0.16,2,1257
WORKER_0398,Data Analysis,27,0.6198336649757101,2.7638615134378623,0.1111111111111111,1,1360
WORKER_0399,Design,16,0.14562383817014704,4.109832551184396,0.25,0,804
WORKER_0400,Data Analysis|Node.js|UI/UX|Marketing|Python,18,0.4350567422983095,2.90737348210665,0.16666666666666666,3,929
WORKER_0401,React|UI/UX|DevOps,13,0.139637693954107,1.9248167290012925,0.23076923076923078,1,661
WORKER_0402,Python,26,0.393790581615318,2.6540523806261835,0.15384615384615385,1,1343
WORKER_0403,Node.js|Python|Data Analysis|UI/UX|Marketing,44,0.4255043174259577,3.4545923647937866,0.1590909090909091,0,2229
WORKER_0404,UI/UX|DevOps,14,0.46152674925455117,0.6950386031835215,0.14285714285714285,2,700
WORKER_0405,Writing|Video|UI/UX,57,0.8965809463652001,3.663123907654416,0.017543859649122806,3,2871
WORKER_0406,Design|Node.js|Marketing,12,0.472809018803359,2.898181277807923,0.08333333333333333,3,621
WORKER_0407,Design|DevOps|Node.js|UI/UX|React,27,0.27313611291957074,1.381359693526969,0.18518518518518517,0,1371
WORKER_0408,Python|Design|UI/UX,19,0.006710129068166095,2.143565543709137,0.2631578947368421,1,963
WORKER_0409,Python|Video,39,0.3820135931447391,3.652622208134858,0.1794871794871795,3,1988
WORKER_0410,Node.js|DevOps|Video,71,0.9710215775141393,4.580591526117044,0.0,1,3552
WORKER_0411,React|DevOps|Node.js,15,0.8825366025055769,1.9273085322863297,0.0,1,756
WORKER_0412,Node.js|Design,24,0.7104869893417886,3.7503725346721217,0.08333333333333333,3,1226
WORKER_0413,Python|UI/UX|Node.js|Video,12,0.5862079035049423,3.382648210551418,0.08333333333333333,2,614
WORKER_0414,Writing|Video,20,0.6627991605937231,1.7973177448787467,0.1,0,1005
WORKER_0415,React|DevOps,23,0.48076003810663076,1.296402971893437,0.13043478260869565,5,1177
WORKER_0416,Python|React,2,0.7557361619970907,1.9293808864006812,0.0,3,130
WORKER_0417,Data Analysis|Writing|Node.js,56,0.7039704799521479,3.115749976405195,0.07142857142857142,1,2846
WORKER_0418,Writing|Marketing|UI/UX|Design,27,0.2515725380861233,2.4139190492962777,0.2222222222222222,2,1386
WORKER_0419,DevOps|Node.js|Video|Python,26,0.6212365200217205,1.8405182133609275,0.07692307692307693,0,1346
WORKER_0420,Marketing,7,0.312687621608552,2.147167322314651,0.14285714285714285,0,380
WORKER_0421,DevOps|React|Node.js,15,0.7233882497088263,2.464253855954786,0.06666666666666667,2,767
WORKER_0422,Node.js|DevOps|Writing,35,0.5985826837590071,0.6205282322111568,0.11428571428571428,4,1789
WORKER_0423,Design,11,0.7409515021239272,2.353325445636228,0.0,4,560
WORKER_0424,Python,22,0.2195404680426907,3.4531390267684205,0.22727272727272727,3,1143
WORKER_0425,UI/UX|DevOps|React|Node.js,8,0.5364470734086784,1.013739289456252,0.125,1,413
WORKER_0426,Data Analysis|Video|Marketing|UI/UX,21,0.29764009049311174,1.8050029200690332,0.19047619047619047,1,1082
WORKER_0427,Marketing|Video|Writing,31,0.280924587669208,3.0644606548998548,0.1935483870967742,2,1573
WORKER_0428,Video|DevOps,49,0.4397218225799698,4.611518054446733,0.16326530612244897,1,2491
WORKER_0429,UI/UX|Python|Design|DevOps|React,52,0.5485894067321214,4.0297509017708535,0.1346153846153846,4,2614
WORKER_0430,Python|Node.js|React|DevOps,13,0.29683701298671694,0.7623645269054324,0.15384615384615385,1,651
WORKER_0431,Python|Design,5,0.34923479995636664,2.2339138604053725,0.0,2,290
WORKER_0432,Python|React|UI/UX,9,0.5110503922818331,2.3551082943593555,0.1111111111111111,0,460
WORKER_0433,Node.js|DevOps|React,34,0.5625648063918756,2.1566270530692138,0.11764705882352941,5,1724
WORKER_0434,Data Analysis|Writing|React|DevOps,19,0.45053866933976633,2.0777515212322597,0.15789473684210525,3,984
WORKER_0435,UI/UX|Python|Marketing|Node.js|Video,19,0.700065502932746,1.5135108256898908,0.05263157894736842,1,976
WORKER_0436,Data Analysis|Marketing,21,0.530031586127711,2.3205706151285854,0.09523809523809523,2,1095
WORKER_0437,Node.js|Data Analysis|DevOps,57,0.8066164180823047,2.531563043091696,0.05263157894736842,5,2877
WORKER_0438,Writing,61,0.8614953923823474,2.3581174679446217,0.03278688524590164,1,3062
WORKER_0439,React|Marketing|Data Analysis|UI/UX,42,0.6623897737656321,3.582209747573928,0.09523809523809523,5,2126
WORKER_0440,React,5,0.3809098351859093,1.7689671990365106,0.0,1,285
WORKER_0441,UI/UX|Data Analysis|DevOps,54,0.8293066669591791,2.1577228243856914,0.037037037037037035,4,2741
WORKER_0442,Writing|Node.js,7,0.7630172949677133,0.26017490155803724,0.0,1,362
WORKER_0443,React|Writing|DevOps,45,0.52951460154454,3.907563918242647,0.13333333333333333,2,2287
WORKER_0444,React|Data Analysis|UI/UX,65,0.5724673944306299,2.0151914546887526,0.12307692307692308,4,3272
WORKER_0445,Python|Marketing|DevOps,11,0.8150607522581497,3.8271955142906284,0.0,4,560
WORKER_0446,Data Analysis|Python|React|UI/UX|Design,62,0.8631221158767359,3.7383954410414058,0.03225806451612903,3,3142
WORKER_0447,Python|Marketing,35,0.6712848890516517,2.0747611554744405,0.08571428571428572,3,1750
WORKER_0448,Node.js|Python,44,0.7507077224779206,4.2741652857058785,0.06818181818181818,4,2227
WORKER_0449,Writing|Node.js,14,0.30141485281673064,1.1479242601006348,0.14285714285714285,1,731
WORKER_0450,Writing|Data Analysis|Marketing,51,0.24397002626194447,2.914173367994274,0.21568627450980393,4,2591
WORKER_0451,React|Design|Writing,12,0.5435281845869941,3.4216313474052185,0.08333333333333333,0,607
WORKER_0452,Design|Data Analysis|Marketing|Python,19,0.47817527982139807,2.6975573561180943,0.10526315789473684,1,997
WORKER_0453,UI/UX|Node.js|Writing|Data Analysis|Marketing,53,0.8425865674590832,4.802766002299529,0.03773584905660377,2,2661
WORKER_0454,DevOps|Data Analysis,46,0.8536824585929645,4.345480704249049,0.043478260869565216,0,2318
WORKER_0455,UI/UX|React|Marketing,53,0.9238968918831542,2.714943881448887,0.018867924528301886,5,2654
WORKER_0456,Node.js|Data Analysis,42,0.6856978357146699,4.350227165326162,0.07142857142857142,3,2103
WORKER_0457,Python|DevOps|React|Design,12,0.8321506591276662,1.4288610481289652,0.0,3,607
WORKER_0458,React|DevOps|Data Analysis,62,0.6706627049569766,2.251770178339752,0.0967741935483871,1,3111
WORKER_0459,Python|Data Analysis|Design,10,0.9239529081250577,2.75003428158465,0.0,2,518
WORKER_0460,Marketing|UI/UX|React,25,0.1892731110235816,2.8342283978667226,0.24,2,1289
WORKER_0461,Node.js,39,0.3740166158639384,2.2681947525293773,0.1794871794871795,1,1994
WORKER_0462,Python|Design|Data Analysis,8,0.7017668154034286,2.2562298168916133,0.0,2,418
WORKER_0463,Design|Writing|React,56,0.4172670552699385,2.330631732965805,0.16071428571428573,1,2840
WORKER_0464,Design|Python|React,10,0.573775009508182,1.9051926224272422,0.1,2,542
WORKER_0465,Marketing|Video|Data Analysis|UI/UX,22,0.5562276486755238,1.721574368183837,0.09090909090909091,2,1116
WORKER_0466,Design|Node.js,20,0.14171556807940242,2.6066158191303184,0.25,2,1044
WORKER_0467,Video,2,0.028342544421165426,1.3920616431467157,0.0,1,144
WORKER_0468,Python|DevOps|React,47,0.80880573076844,4.696256044257595,0.0425531914893617,4,2365
WORKER_0469,React|Video|Marketing|Python,23,0.5376032343425294,2.0141076966696265,0.13043478260869565,2,1173
WORKER_0470,Data Analysis|React|DevOps|Node.js,40,0.6800360059822543,2.7812575425806685,0.075,0,2004
WORKER_0471,Data Analysis|React|Design,26,0.8347494837668674,3.291407626713328,0.038461538461538464,3,1333
WORKER_0472,Data Analysis|Design,21,0.6749488430478794,2.4496637468146205,0.09523809523809523,0,1077
WORKER_0473,Python|Node.js|React,42,0.707380677480505,3.6406586170579205,0.07142857142857142,1,2130
WORKER_0474,Data Analysis|Design|UI/UX|Writing,13,0.5896310800990647,2.0538121590495697,0.07692307692307693,2,651
WORKER_0475,React|Design,24,0.8954424170286706,2.951405018143489,0.0,5,1244
WORKER_0476,Video|Python|Data Analysis|Writing,10,0.6880069771289605,2.2371371864509255,0.0,2,538
WORKER_0477,UI/UX|Node.js|Writing|Data Analysis,44,0.6593243038104899,4.34436349846475,0.09090909090909091,3,2226
WORKER_0478,Design,60,0.7181553135510255,3.269473258718781,0.08333333333333333,1,3033
WORKER_0479,Writing|Video|Data Analysis|React,52,0.7421307268181252,3.56993795338207,0.07692307692307693,3,2624
WORKER_0480,Node.js|Design|Data Analysis,28,0.4489790762505307,3.6716807602320323,0.14285714285714285,3,1439
WORKER_0481,UI/UX|Data Analysis,12,0.5072243547394882,3.1254907480828527,0.08333333333333333,0,610
WORKER_0482,Video|Design|React|Data Analysis,51,0.8545534650702359,4.086415660743582,0.0392156862745098,4,2579
WORKER_0483,Marketing|DevOps|UI/UX,14,0.4290886281530742,2.477276836456677,0.14285714285714285,2,733
WORKER_0484,UI/UX|Node.js|Video,18,0.6165202031588993,1.5867275865487689,0.1111111111111111,1,932
WORKER_0485,Video|Marketing|Python,30,0.2967537522221244,2.9469973027825063,0.2,4,1528
WORKER_0486,Design|Python,24,0.3330558432154505,2.1878099925536802,0.16666666666666666,1,1239
WORKER_0487,Node.js|Video|DevOps,27,0.3620687364685939,1.6451344490872446,0.18518518518518517,0,1382
WORKER_0488,Video,14,0.5724398173043378,2.0982202769023366,0.07142857142857142,0,716
WORKER_0489,Data Analysis|Video|UI/UX,20,0.5170991003181836,2.53981762775408,0.1,4,1008
WORKER_0490,Writing|DevOps,40,0.5014922189178956,3.4992071834482967,0.125,1,2037
WORKER_0491,Writing|Python|UI/UX|Design|React,22,0.8375449275174192,1.804713686267003,0.045454545454545456,1,1132
WORKER_0492,Writing|Data Analysis|Design,48,0.7295834712574798,2.6751281836037384,0.0625,3,2405
WORKER_0493,Marketing,27,0.5269204289956836,1.6339770538566998,0.1111111111111111,2,1362
WORKER_0494,Writing|Node.js|Data Analysis,26,0.30050118819973404,1.0873159933775294,0.19230769230769232,4,1345
WORKER_0495,Writing|Node.js|Design,4,0.3750107568648458,2.131323689273426,0.0,3,240
WORKER_0496,Writing|React|Marketing,41,0.834892415483499,3.6782386709342356,0.04878048780487805,2,2095
WORKER_0497,Design|Writing|Video,20,0.5691197261918495,1.5679536851565523,0.1,2,1037
WORKER_0498,Data Analysis|React|DevOps,28,0.5942011123987359,0.9831518632647611,0.10714285714285714,4,1431
WORKER_0499,UI/UX|DevOps|Node.js,63,0.5567155485462142,3.008256535855884,0.12698412698412698,6,3168
